id	genotype	variant
ISS_2026_1_1		Request
ISS_2026_12_12		Request
ISS 2026_6_6		Request
52675_164944-HAV	IA	NOR-2013-V1
75753_164932-HAV	IB	NOR-2013-V6
75754_164934-HAV	IA	NOR-2013-V8
75796_164931-HAV	IA	NOR-2013-V1
75797_164968-HAV	IA	NOR-2013-V3
75953_165118-HAV	IB	NOR-2013-V2
75954_165120-HAV	IB	NOR-2013-V2
75956_165124-HAV	IIIA	NOR-2013-V5
75971_165122-HAV	IA	NOR-2013-V1
76054_174642-HAV	IB	NOR-2013-V2
76097_174641-HAV	IB	NOR-2013-V9
76098_174640-HAV	IIIA	NOR-2013
76100_174639-HAV	IIIA	NOR-2013-V5
76133_174638-HAV	IB	DK-variant
83830_183576-HAV	IB	NOR-2013-V9
83859_183514-HAV		
138633_243237-HAV	IA	
300042_479767-HAV	IB	NOR-2013-V9
307713_487593-HAV	IB	NOR-2013-V9
307772_487609-HAV	IB	NOR-2013-V9
347565_527756-HAV	IB	NOR-2013-V9
358764_571914-HAV	IB	NOR-2013-V10
372737_584689-HAV	IA	NOR-2013-V12
384706_663615-HAV	IB	
388338_604506-HAV	IIIA	
388364_604567-HAV	IA	
388384_604605-HAV	IA	NOR-2008-v1
388642_605215-HAV	IA	
388784_605546-HAV	IA	NOR-2008-v1
388785_605548-HAV	IA	NOR-2008-v1
389012_606033-HAV	IA	NOR-2008-v1
389214_606477-HAV	IA	NOR-2008-v1
389215_606479-HAV	IA	NOR-2008-v1
389216_606481-HAV	IA	NOR-2008-v1
389217_606483-HAV	IA	NOR-2008-v1
389927_609148-HAV	IB	NOR-2008
390621_610577-HAV	IB	NOR-2008-v1
399937_633951-HAV	IA	
402417_640982-HAV	IA	
402418_640984-HAV	IA	
402420_640987-HAV	IA	
402607_641365-HAV	IA	
402608_641367-HAV	IA	
402611_641371-HAV	IA	
402612_641373-HAV	IA	
402614_641376-HAV	IA	
402615_641378-HAV	IA	
402616_641380-HAV		
402616_641381-HAV		
402616_641382-HAV		
402617_641384-HAV	IA	
402618_641386-HAV	IA	
402619_641388-HAV		
402619_641389-HAV		
402620_641391-HAV	IA	
402622_641394-HAV		
402622_641395-HAV		
402622_641396-HAV		
402624_641399-HAV	IA	
402625_641401-HAV	IA	
402627_641404-HAV	IA	
402629_641407-HAV	IA	
402630_641409-HAV	IA	
402631_641411-HAV	IA	
402632_641413-HAV	IA	
402652_641459-HAV	IA	
402652_641460-HAV	IA	
402653_641462-HAV	IA	
402653_641463-HAV	IA	
402654_641465-HAV	IA	
402654_641466-HAV	IA	
402655_641468-HAV	IA	
402655_641469-HAV	IA	
402657_641472-HAV	IA	
402657_641473-HAV	IA	
402659_641476-HAV	IA	
402659_641477-HAV	IA	
402660_641479-HAV	IA	
402660_641480-HAV	IA	
402896_641986-HAV	IA	
402896_641987-HAV	IA	
402898_641990-HAV	IB	
402899_641992-HAV	IA	
402899_641993-HAV	IA	
402900_641995-HAV	IA	
402900_641996-HAV	IA	
402901_641998-HAV	IA	
402901_641999-HAV	IA	
402902_642001-HAV	IA	
402902_642002-HAV	IA	
402904_642008-HAV	IA	
402904_642009-HAV	IA	
402905_642011-HAV	IA	
402905_642012-HAV	IA	
402906_642014-HAV	IIIA	
402907_642016-HAV	IA	
402907_642017-HAV	IA	
403217_642641-HAV	IA	
403217_642642-HAV	IA	
403218_642645-HAV	IA	
403218_642646-HAV	IA	
403219_642649-HAV	IA	
403219_642650-HAV	IA	
403220_642653-HAV	IA	
403220_642654-HAV	IA	
403221_642657-HAV	IA	
403593_643495-HAV	IA	
403593_643496-HAV	IA	
403974_645663-HAV	IIIA	
403974_645664-HAV	IIIA	
403992_645689-HAV	IA	
403992_645690-HAV	IA	
403993_645692-HAV	IA	
403993_645693-HAV	IA	
403994_645695-HAV	IA	
403994_645696-HAV	IA	
403995_645698-HAV	IA	
403995_645699-HAV	IA	
403996_645701-HAV	IA	
403996_645702-HAV	IA	
403997_645704-HAV	IA	
403997_645705-HAV	IA	
403999_645708-HAV	IA	
403999_645709-HAV	IA	
404001_645712-HAV	IA	
404001_645713-HAV	IA	
404002_645715-HAV	IA	
404002_645716-HAV	IA	
404003_645718-HAV	IA	
404003_645719-HAV	IA	
404009_645731-HAV	IA	
404009_645732-HAV	IA	
404010_645734-HAV	IA	
404010_645735-HAV	IA	
404011_645737-HAV	IA	
404011_645738-HAV	IA	
404012_645740-HAV	IA	
404012_645741-HAV	IA	
404015_645745-HAV	IA	
404015_645746-HAV	IA	
404016_645748-HAV	IA	
404016_645749-HAV	IA	
404018_645752-HAV	IA	
404018_645753-HAV	IA	
404019_645755-HAV	IA	
404019_645756-HAV	IA	
404020_645758-HAV		
404021_645760-HAV	IA	
404021_645761-HAV	IA	
404022_645763-HAV	IA	
404022_645764-HAV	IA	
404023_645766-HAV	IA	
404023_645767-HAV	IA	
413658_664950-HAV	IB	NOR-2013-V9
413877_666017-HAV	IB	NOR-2013-V2
414048_666406-HAV	IB	NOR-2013-V9
414090_666580-HAV	IB	NOR-2013-V2
414200_667355-HAV		
414558_668083-HAV		
415167_669775-HAV		
418265_680215-HAV	IB	
422831_700266-HAV	IA	
425109_763613-HAV	IB	NOR-2013-V16
425491_763615-HAV	IA	NOR-2013-V15
437050_763625-HAV	IB	NOR-2013-V9
437404_763627-HAV	IA	NOR-2013-V17
437407_763629-HAV		
437411_763631-HAV	IIIA	NOR-2013-V18
437412_763633-HAV	IIIA	NOR-2013-V18
437413_763635-HAV		
439067_763617-HAV	IA	NOR-2014-V1
439711_763619-HAV	IA	NOR-2014-V1
439713_763621-HAV	IA	NOR-2014-V1
439738_763623-HAV	IA	NOR-2014-V1
439796_763653-HAV	IA	NOR-2014-V1
439797_763637-HAV	IA	NOR-2014-V4
439881_763639-HAV	IA	
439882_763641-HAV		
439896_763643-HAV	IIIA	NOR-2014-V2
439897_763645-HAV		
439898_763647-HAV	IA	NOR-2014-V1
439899_763649-HAV	IA	NOR-2014-V1
439901_763651-HAV	IA	NOR-2014-V1
439904_2797820-HAV	IA	NOR-2014-V1
439906_763667-HAV	IA	NOR-2014-V1
439949_763655-HAV	IA	
439952_763657-HAV	IA	NOR-2014-V1
439954_763659-HAV		
439957_763669-HAV		
439958_763661-HAV		
439961_763671-HAV	IB	NOR-2014-V5
439962_763673-HAV		
440147_763663-HAV	IA	NOR-2014-V1
440156_763665-HAV	IA	NOR-2014-V1
440315_762824-HAV	IA	NOR-2014-V1
440366_762981-HAV	IA	NOR-2014-V1
440393_762983-HAV		
440394_762985-HAV		
440400_762987-HAV	IIIA	NOR-2013-V19
440498_763482-HAV	IA	NOR-2014-V1
440615_763882-HAV		
440701_764238-HAV	IA	NOR-2014-V1
440840_764854-HAV	IA	NOR-2014-V1
440988_765066-HAV	IA	NOR-2014-V1
441145_765585-HAV	IIIA	NOR-2013-V20
441146_765587-HAV	IB	NOR-2013-V21
441165_765590-HAV	IA	NOR-2014-V1
441166_765694-HAV		NOR-2014-V1
441167_765692-HAV		
441560_766674-HAV	IA	NOR-2014-V4B
441960_767630-HAV	IA	NOR-2014-V1
442403_768886-HAV	IA	NOR-2014-V1
443796_772144-HAV		
444006_773099-HAV	IA	NOR-2014-V1
444008_773101-HAV	IA	
444214_773790-HAV		
444219_773793-HAV		
444246_773889-HAV	IA	NOR-2014-V1
444895_775576-HAV	IA	NOR-2014-V1
444916_775565-HAV	IA	NOR-2014-V1
444979_782899-HAV	IA	NOR-2014-V1
445557_777534-HAV	IA	NOR-2014-V1
446088_780128-HAV		
446765_782624-HAV	IA	NOR-2014-V1
447140_783936-HAV	IA	NOR-2014-V1
447142_783940-HAV	IA	NOR-2014-V3B
447801_785493-HAV		
449634_791714-HAV	IA	NOR-2014-V1
449635_791726-HAV		
449825_792041-HAV		
451963_797554-HAV	IA	NOR-2014-V1
453003_802540-HAV	IIIA	NOR-2014-V6
453423_801885-HAV	IA	NOR-2014-V7
457586_820866-HAV	IA	NOR-2014-V1
457787_822044-HAV	IA	NOR-2014-v8
458644_823761-HAV		
458677_823909-HAV	IA	NOR-2014-V9
459271_825737-HAV	IA	NOR-2014-v10
459769_827255-HAV		
460382_829758-HAV		
461649_889391-HAV	IIIA	NOR-2014-V15
461872_834510-HAV	IB	NOR-2014-v11
461873_834512-HAV		
477372_875110-HAV		
477375_875111-HAV		
477376_875112-HAV	IA	NOR-2014-v14
477571_875104-HAV	IIIA	NOR-2014-V12
477572_875105-HAV	IIIA	NOR-2014-V12
477827_875750-HAV	IA	NOR-2014-V13
477852_889390-HAV	IA	NOR-2014-V13
478240_888119-HAV		
482620_890819-HAV		
483188_888657-HAV	IIIA	NOR-2015-V2
485179_900448-HAV		
485235_893685-HAV	IIIA	NOR-2015-V3
486148_896421-HAV	IA	NOR-2015-V4
487238_899502-HAV	IA	NOR-2015-V5
489536_904933-HAV	IA	NOR-2015-V6
497041_927059-HAV		
497041_2797821-HAV	IIIA	NOR-2015-V9
497172_930332-HAV	IIIA	NOR-2015-V2
497246_927735-HAV		NOR-2015-V1
502270_951007-HAV	IIIA	NOR-2015-v7
510909_979495-HAV		
510909_999985-HAV		
511809_2797822-HAV	IB	NOR-2015-v8
514288_989814-HAV	IB	NOR-2016-v1
514455_1012888-HAV		
515083_1012889-HAV	IA	NOR-2016-v2
515979_994652-HAV	IA	NOR-2016-v2
517799_998649-HAV		
518931_1001226-HAV		
518932_1001229-HAV	IIIA	NOR-2016-v3
519206_1001500-HAV		
519324_1001842-HAV	IB	NOR-2016-V4
519783_1012904-HAV	IIIA	
520118_1090232-HAV	IA	NOR-2016-v2
520368_1090240-HAV	IB	NOR-2016-V5
528610_1090958-HAV	IA	NOR-2016-v6
532595_1090985-HAV	IA	NOR-2016-v7
534396_1090986-HAV	IB	NOR-2016-v8
534954_1090987-HAV	IIIA	NOR-2016-v9
541333_1089873-HAV	IB	NOR-2016-v10
541341_1091004-HAV	IB	NOR-2016-v10
542470_1091005-HAV	IIIA	NOR-2016-v11
542917_1091011-HAV	IA	NOR-2016-v12
545055_1063022-HAV	IB	NOR-2016-v13
545408_1081967-HAV		
546045_1081969-HAV	IB	NOR-2016-v14
546825_1081971-HAV	IB	NOR-2016-v15
550308_2797823-HAV	IB	NOR-2016-v16
552954_2797824-HAV	IB	NOR-2016-v16
554292_2797825-HAV	IB	NOR-2016-V17
557235_2797826-HAV	IA	NOR-2016-v18
557893_2797827-HAV	IB	NOR-2016-v19
557957_2797828-HAV	IIIA	NOR-2016-v20
559547_1097850-HAV		
560185_2797829-HAV	IIIA	NOR-2016-v21
560551_2797830-HAV	IIIA	NOR-2016-v22
561202_2797831-HAV	IB	NOR-2016-v23
561282_2797832-HAV	IIIA	NOR-2016-v24
561437_2797833-HAV	IA	NOR-2017-V1
566454_1127318-HAV	IA	NOR-2016-v27
567250_1114682-HAV	IB	NOR-2016-v25
568884_1118887-HAV	IB	NOR-2017-V6a
573223_1128088-HAV		
573225_1128089-HAV	IB	NOR-2017-V3
592200_2797834-HAV	IA	NOR-2017-V8
593874_2797835-HAV	IA	NOR-2017-V3
594057_2797836-HAV	IA	NOR-2017-V8
595851_2797837-HAV	IA	NOR-2017-V8
596037_2797838-HAV	IA	NOR-2017-V4
596406_2797839-HAV	IA	NOR-2017-V2
597288_2797840-HAV	IA	NOR-2017-V3
598525_2797841-HAV	IB	NOR-2017-V7
600329_2797842-HAV	IB	NOR-2017-V5
600845_2797843-HAV	IA	NOR-2017-V2
601365_2797844-HAV	IB	NOR-2017-V6b
603047_2797845-HAV	IA	NOR-2017-V2
603603_2797846-HAV	IA	NOR-2017-V2
603756_2797847-HAV	IA	NOR-2017-V2
606249_2797848-HAV	IA	NOR-2017-V2
606344_2797849-HAV	IA	NOR-2017-V2
606446_2797850-HAV	IA	NOR-2017-V2
609019_2797851-HAV	IA	NOR-2017-V2b
617875_2797852-HAV	IIIA	NOR-2018-V4
621943_2797853-HAV	IA	NOR-2018-V5
622366_2797854-HAV	IIIA	NOR-2018-V6
622367_2797855-HAV	IIIA	NOR-2018-V6
622440_2797856-HAV	IB	NOR-2018-V1
622444_2797857-HAV	IB	NOR-2018-V1
622447_2797858-HAV	IB	NOR-2018-V1
623114_2797859-HAV	IB	NOR-2018-V1
625915_2797860-HAV	IB	NOR-2018-V1
627251_2797861-HAV	IA	NOR-2018-V2
627909_2797862-HAV	IA	NOR-2017-V8
628746_2797863-HAV	IIIA	NOR-2018-V9
628949_2797864-HAV	IA	NOR-2018-V10
629630_2797865-HAV	IB	NOR-2018-V8
630412_2797866-HAV	IA	NOR-2018-V7
632156_2797867-HAV	IB	NOR-2018-V11
635584_2797868-HAV	IIIA	NOR-2018-V14
636840_2797869-HAV	IIIA	NOR-2018-V12
637585_2797870-HAV	IIIA	NOR-2018-V15
638738_2797871-HAV	IA	NOR-2018-V13
639513_2797872-HAV	IB	NOR-2018-V16
640501_2797873-HAV	IB	NOR-2018-V17
641749_2797874-HAV	IIIA	NOR-2018-V18
643469_2797875-HAV	IB	NOR-2018-V19
651148_2797876-HAV	IB	NOR-2019-V1
652271_2797877-HAV	IA	NOR-2019-V2b
652510_2797878-HAV	IB	NOR-2019-V3
652709_2797879-HAV	IA	NOR-2019-V2a
659579_1351125-HAV		
663761_2797880-HAV	IIIA	NOR-2019-V4
663934_2797881-HAV	IA	NOR-2018-V13
666260_2797882-HAV	IB	NOR-2019-V5
668522_2797883-HAV	IA	NOR-2019-V9
668615_1353935-HAV	IB	NOR-2019-V6
670173_1349503-HAV		
670448_1349526-HAV	IB	NOR-2019-V8
670704_1350445-HAV		
671071_1351901-HAV		
671306_1351902-HAV	IIIA	NOR-2019-V10a
671428_1351903-HAV	IB	NOR-2019-V11
671498_1351904-HAV		NOR-2019-V18
671508_1351905-HAV	IB	
672513_1353936-HAV	IB	NOR-2019-V16
672894_1353937-HAV	IA	NOR-2019-V14
672934_1353938-HAV	IIIA	NOR-2019-V10b
673168_1353939-HAV	IB	NOR-2019-V12a
673171_1353940-HAV	IB	NOR-2019-V12b
673676_1357895-HAV	IIIA	NOR-2019-V10c
673879_1357900-HAV	IA	NOR-2019-V15
675038_1370341-HAV	IIIA	NOR-2019-V10d
675483_1370340-HAV	IB	NOR-2019-V17
676032_1370339-HAV	IB	NOR-2019-V13
680268_1375149-HAV		
680325_1375077-HAV	IA	NOR-2019-V22
680581_1375079-HAV	IA	NOR-2019-V21
680754_1375082-HAV	IB	NOR-2019-V19
680914_1375155-HAV		
680918_1375083-HAV	IA	NOR-2019-V20
681403_1380355-HAV	IA	NOR-2019-V22
682180_1380352-HAV	IA	NOR-2019-V22
682876_1381856-HAV	IA	NOR-2020-V1
685215_1395458-HAV		
685694_1386394-HAV	IA	NOR-2019-V22
685704_1386396-HAV		
686205_1387981-HAV	IA	NOR-2019-V20
686531_1388005-HAV	IB	NOR-2020-V2
686689_1395459-HAV		
690286_1398863-HAV		
692914_1404345-HAV	IB	NOR-2020-V3
693034_1404575-HAV		
693388_1406117-HAV	IB	NOR-2020-V4
693581_1406118-HAV	IB	NOR-2020-V4
696118_1411480-HAV	IA	NOR-2020-V5
739917_1505004-HAV	IA	NOR-2021-V1
749082_1521582-HAV	IB	NOR-2021-V2
755292_1532398-HAV	IB	NOR-2021-V3
756652_1532399-HAV	IB	NOR-2021-V4
758967_1542455-HAV	IB	NOR-2021-V5
761589_1553918-HAV	IA	NOR-2021-V1
761809_1545980-HAV	IA	NOR-2021-V1
762916_1550269-HAV	IB	NOR-2021-V6
763498_1550270-HAV	IA	NOR-2021-V1
768643_1560967-HAV	IA	NOR-2021-V7
769463_1560966-HAV	IA	NOR-2021-V1
770102_1554402-HAV	IA	NOR-2021-V1
771308_1560965-HAV	IB	NOR-2021-V9
772014_1559592-HAV	IA	NOR-2021-V1
772016_1559616-HAV	IIIA	NOR-2021-V8
773389_1563004-HAV	IA	NOR-2021-V1
773897_1563273-HAV	IA	NOR-2021-V1
773914_1563386-HAV		
774201_1563403-HAV	IA	NOR-2021-V1
775110_1569659-HAV	IA	NOR-2021-V1
776944_1571915-HAV	IA	NOR-2021-V1
778502_1579581-HAV	IA	NOR-2021-V1
778759_1577382-HAV	IA	NOR-2021-V1
778905_1577387-HAV	IA	NOR-2021-V1
779207_1577978-HAV	IA	NOR-2021-V1
779209_1577982-HAV		
779209_1584302-HAV	IA	NOR-2021-V1
779254_1578091-HAV	IA	NOR-2021-V1
779559_1579449-HAV		
779833_1580793-HAV		
780331_1581960-HAV	IA	NOR-2021-V1
785688_1599311-HAV	IA	NOR-2021-V1
832707_1700224-HAV	IB	NOR-2022-V1
833294_1700226-HAV	IB	NOR-2022-V2
835800_1700227-HAV	IIIA	NOR-2022-V3
839189_1751294-HAV	IB	NOR-2022-V4
840958_1751293-HAV	IB	NOR-2022-V1
841261_1751472-HAV	IB	NOR-2022-V1
841894_1751473-HAV	IIIA	NOR-2022-V3
850490_1751474-HAV	IB	NOR-2022-V2b
866879_1792013-HAV	IA	NOR-2022-V10
876277_1787813-HAV	IB	NOR-2022-V5a
877229_1792012-HAV	IB	
877694_1812047-HAV	IB	NOR-2022-V6
878317_1812049-HAV	IB	NOR-2022-V5a
878820_1812050-HAV	IB	NOR-2022-V7
888844_1865064-HAV	IB	NOR-2022-V5a
891601_1837589-HAV	IB	NOR-2022-V2c
892420_1850499-HAV	IIIA	NOR-2022-V8
899325_1875408-HAV	IB	NOR-2022-V9
902991_1875409-HAV	IB	NOR-2022-V9
903683_1875410-HAV	IB	NOR-2022-V9
908071_1957926-HAV	IA	NOR-2021-V1
929930_1957927-HAV	IB	NOR-2023-V1
930721_1960590-HAV	IB	NOR-2023-V2
934888_1974197-HAV	IA	NOR-2021-V1
944874_2017201-HAV	IA	NOR-2021-V1
946177_2017202-HAV	IA	NOR-2023-V4
948369_2032426-HAV	IA	NOR-2023-V5
948587_2032427-HAV	IA	NOR-2023-V3
952910_2039756-HAV	IA	NOR-2023-V5
954969_2045182-HAV	IIIA	NOR-2023-V11
961014_2083957-HAV	IB	NOR-2023V9
961339_2083982-HAV	IB	NOR-2023-V6
961384_2084007-HAV	IB	NOR-2023-V7
962181_2084008-HAV	IB	NOR-2023-V8
964264_2084457-HAV	IIIA	NOR-2023-V10
964360_2797886-HAV	IIIA	NOR-2023-V14
964643_2084458-HAV	IB	NOR-2022-V5c
964725_2084459-HAV	IB	NOR-2022-V5b
965800_2170482-HAV	IB	NOR-2022-V5d
971751_2170483-HAV	IA	NOR-2023-V3a
978409_2170484-HAV	IA	NOR-2023-V12
981355_2170485-HAV	IB	NOR-2023-V13
982852_2173069-HAV	IB	NOR-2022-V4b
983573_2173070-HAV	IA	NOR-2024-V2
984079_2173071-HAV	IB	NOR-2023-V13
984974_2173072-HAV	IB	NOR-2024-V1
985801_2225710-HAV		
990158_2225706-HAV	IB	NOR-2024-V3
990332_2225707-HAV	IB	NOR-2024-V21
991372_2225708-HAV	IIIA	NOR-2024-V6a
993752_2225709-HAV	IA	NOR-2024-V5b
995670_2244419-HAV	IB	NOR-2024-V7
997537_2244422-HAV	IB	NOR-2024-V7
1005315_2288361-HAV	IB	NOR-2024-V8
1005517_2288443-HAV	IIIA	NOR-2024-V6c
1005539_2288450-HAV	IIIA	NOR-2024-V6b
1012386_2305802-HAV	IB	NOR-2024-V11a
1012851_2305803-HAV	IB	NOR-2024-V10
1013791_2305804-HAV	IIIA	NOR-2024-V12
1013891_2305805-HAV	IIIA	NOR-2024-V12
1013897_2305806-HAV	IIIA	NOR-2024-V12
1014017_2305807-HAV	IIIA	NOR-2024-V12
1014378_2305808-HAV	IA	NOR-2024-V13
1014394_2305809-HAV	IIIA	NOR-2024-V14
1014633_2305810-HAV	IB	NOR-2024-V15
1014654_2326616-HAV	IB	NOR-2024-V8
1014805_2326617-HAV	IB	NOR-2024-V19
1015243_2326628-HAV	IB	NOR-2024-V16
1015618_2326644-HAV	IB	NOR-2024-V17
1015844_2326650-HAV	IB	NOR-2024-V20
1016308_2326651-HAV	IB	NOR-2024-V18
1016628_2326656-HAV	IB	NOR-2024-V20
1017425_2326811-HAV		
1017425_2352868-HAV	IIIA	NOR-2024-V12
1017427_2326837-HAV	IB	NOR-2024-V3
1017836_2337147-HAV	IB	NOR-2024-V11b
1018056_2337165-HAV	IB	NOR-2024-V23
1018305_2353597-HAV	IB	NOR-2024-V19
1018307_2353598-HAV	IB	NOR-2024-V19
1019043_2337174-HAV	IB	NOR-2024-V15
1019065_2337206-HAV	IIIA	NOR-2024-V12
1019439_2337217-HAV	IB	NOR-2024-V10
1019460_2337221-HAV	IIIA	NOR-2024-V22
1019767_2337234-HAV	IIIA	NOR-2024-V12
1019942_2353612-HAV	IB	NOR-2024-V17
1019943_2353614-HAV	IIIA	NOR-2024-V24a
1020395_2353615-HAV	IIIA	NOR-2024-V12
1020414_2353616-HAV	IIIA	NOR-2024-V12
1020616_2353617-HAV	IIIA	NOR-2024-V12
1021232_2353632-HAV	IB	NOR-2024-V20
1022266_2353633-HAV	IIIA	NOR-2024-V12
1029140_2369280-HAV		
1029140_2381760-HAV	IIIA	NOR-2024-V24b
1030441_2369299-HAV	IIIA	
1030441_2381773-HAV		
1030442_2369300-HAV	IIIA	
1030442_2381765-HAV	IIIA	NOR-2024-V25
1030443_2369301-HAV	IIIA	NOR-2024-V25
1030854_2369318-HAV	IIIA	
1030854_2381766-HAV	IIIA	NOR-2024-V25
1031008_2369336-HAV	IA	
1031008_2381767-HAV	IA	NOR-2024-V26
1031009_2381768-HAV	IIIA	NOR-2024-V25
1031010_2369492-HAV	IIIA	
1031010_2381769-HAV	IIIA	NOR-2024-V25
1031572_2383185-HAV		
1032683_2381770-HAV	IIIA	NOR-2024-V25
1033308_2381771-HAV	IA	NOR-2024-V27
1033900_2396494-HAV	IIIA	NOR-2024-V25
1034677_2396495-HAV	IIIA	NOR-2024-V25
1036437_2396496-HAV	IA	NOR-2024-V28
1038476_2427697-HAV	IA	NOR-2025-V1a
1039760_2427698-HAV	IA	NOR-2025-V1b
1041226_2427699-HAV	IIIA	NOR-2022-V8
1042006_2427703-HAV		
1042022_2427704-HAV	IA	NOR-2025-V1a
1044581_2467863-HAV	IA	NOR-2025-V1a
1045439_2467864-HAV		
1045799_2467865-HAV	IA	NOR-2025-V2
1046282_2468058-HAV	IB	
1046284_2468060-HAV	IIIA	
1046285_2468061-HAV	IB	
1046286_2468062-HAV	IIIA	
1046288_2468064-HAV	IB	
1052001_2493044-HAV	IB	NOR-2025-V3a
1059598_2493053-HAV	IB	NOR-2025-V4
1063191_2514276-HAV	IA	NOR-2025-V5
1064458_2554447-HAV	IB	NOR-2025-V6
1067407_2537233-HAV	IB	NOR-2025-V4
1067884_2537234-HAV	IB	NOR-2025-V6
1067885_2537235-HAV	IB	NOR-2025-V6
1070947_2554451-HAV	IA	NOR-2023-V5
1070950_2554452-HAV	IA	NOR-2023-V5
1071504_2563222-HAV	IA	NOR-2023-V5
1071823_2563223-HAV	IIIA	NOR-2025-V7a
1072046_2563224-HAV	IA	NOR-2025-V8
1072979_2563237-HAV	IA	NOR-2025-V8
1073040_2563238-HAV	IA	NOR-2025-V8
1073160_2563242-HAV	IA	NOR-2025-V8
1073199_2563247-HAV	IA	NOR-2025-V8
1073396_2563249-HAV	IA	NOR-2025-V8
1073397_2563252-HAV	IA	NOR-2025-V8
1073775_2565147-HAV	IA	NOR-2025-V8
1073849_2565040-HAV	IA	NOR-2025-V8
1073852_2565082-HAV	IA	NOR-2025-V8
1073888_2565213-HAV	IA	NOR-2025-V8
1073890_2565215-HAV	IA	NOR-2025-V8
1074004_2566625-HAV	IA	NOR-2025-V8
1074008_2566627-HAV	IA	NOR-2025-V8
1074046_2567374-HAV	IA	NOR-2025-V8
1074047_2567378-HAV	IA	NOR-2025-V8
1074048_2567382-HAV	IA	NOR-2025-V8
1074049_2567425-HAV	IA	NOR-2025-V8
1074054_2567514-HAV	IA	NOR-2025-V8
1074229_2568003-HAV	IA	NOR-2025-V8
1074230_2568005-HAV	IA	NOR-2025-V8
1074231_2568263-HAV	IA	NOR-2025-V8
1074232_2568279-HAV	IA	NOR-2025-V8
1074240_2568308-HAV	IA	NOR-2025-V8
1074323_2569539-HAV	IA	NOR-2025-V8
1074324_2569540-HAV	IA	NOR-2025-V8
1074398_2569541-HAV	IA	NOR-2025-V8
1074579_2570117-HAV	IA	NOR-2025-V8
1074721_2578892-HAV		
1074723_2570535-HAV	IA	NOR-2025-V8
1074817_2571131-HAV	IA	NOR-2025-V8
1074836_2572012-HAV	IA	NOR-2025-V8
1074897_2572621-HAV	IA	NOR-2025-V8
1074898_2572624-HAV		
1074912_2578893-HAV		
1074985_2572800-HAV	IA	NOR-2025-V8
1075123_2573462-HAV	IA	NOR-2025-V8
1075124_2573464-HAV	IA	NOR-2025-V8
1075125_2573483-HAV	IA	NOR-2025-V8
1075156_2573672-HAV	IA	NOR-2025-V8
1075723_2578056-HAV	IA	NOR-2025-V8
1076090_2579752-HAV	IB	NOR-2025-V9a
1076492_2585008-HAV	IA	NOR-2025-V8
1076583_2585009-HAV	IA	NOR-2025-V8
1076601_2585010-HAV	IB	NOR-2025-V10
1076922_2594360-HAV	IA	NOR-2025-V8
1076958_2594361-HAV	IA	NOR-2025-V8
1076985_2594362-HAV	IA	NOR-2025-V8
1077280_2586194-HAV	IA	NOR-2025-V8
1077302_2586466-HAV	IA	NOR-2025-V8
1077518_2588334-HAV	IB	NOR-2025-V12
1077524_2587995-HAV	IA	NOR-2025-V11
1077947_2590262-HAV	IA	NOR-2025-V8
1077955_2590271-HAV	IB	NOR-2025-V9b
1078145_2590374-HAV	IB	NOR-2025-V12b
1078476_2593117-HAV	IA	NOR-2025-V13
1079028_2599213-HAV	IIIA	NOR-2024-V6d
1079241_2599217-HAV	IB	NOR-2025-V14
1080797_2616799-HAV	IA	NOR-2025-V15
1084475_2616800-HAV	IB	NOR-2025-V16
1084475_2636717-HAV		
1085394_2645266-HAV	IB	NOR-2025-V17
1086769_2629987-HAV	IB	NOR-2024-V7b
1087625_2645267-HAV	IA	NOR-2025-V13
1096337_2684643-HAV	IA	NOR-2025-V18
1099478_2694672-HAV	IA	NOR-2023-V3a
1099933_2694673-HAV	IA	NOR-2023-V5a
1100856_2694674-HAV	IA	NOR-2026-V1
1101291_2705038-HAV		
1101291_2717203-HAV	IB	NOR-2025-V19
1101743_2714257-HAV	IB	
1101743_2719196-HAV		
1101744_2714256-HAV	IIA	
1101745_2714255-HAV	IB	
1101746_2714254-HAV	IIA	
1101747_2714253-HAV	IIIA	
1101748_2714252-HAV	IB	
1101749_2719201-HAV		
1101750_2714251-HAV	IIIA	
1102447_2705037-HAV		
1102447_2717204-HAV	IA	NOR-2025-V13
1102577_2705036-HAV		
1102577_2717206-HAV	IB	NOR-2024-V7
1105197_2740615-HAV	IA	NOR-2025-V1b
1105281_2740616-HAV	IB	NOR-2025-V9c
1106251_2741318-HAV	IB	NOR-2025-V3b
1106367_2740618-HAV	IA	NOR-2025-V1a
1108033_2740619-HAV	IIIA	NOR-2025-V7b
1108401_2740620-HAV	IB	NOR-2026-V3
1108495_2740621-HAV	IB	NOR-2026-V2
1108495_2740854-HAV		
1111855_2753193-HAV	IB	NOR-2026-V4
1112757_2763042-HAV	IB	NOR-2026-V5
1114199_2771744-HAV	IIIA	
1114910_2771745-HAV	IA	
1115220_2776775-HAV		
1115572_2776776-HAV	IA	
1115769_2776788-HAV	IA	
1116825_2783368-HAV	IA	NOR-2026-V7
1116983_2787965-HAV	IB	NOR-2026-V10
1117463_2787966-HAV	IB	NOR-2026-V9
1117892_2801597-HAV		
1118039_2801603-HAV		
1118706_2801621-HAV		
1118735_2801604-HAV		
1119352_2801605-HAV		
1120104_2812747-HAV		
1120328_2812762-HAV		
1120708_2812763-HAV		
1121062_2812764-HAV		
